,Dataset,Model,African,Asian,Caucasian,Indian,pval
0,RFW0_RFW1,Balanced34,0.4764411176580653,0.36995543978773865,0.41870520092720415,0.4243293330604043,8.5982454497777e-14
1,RFW0_RFW1,Balanced50,0.4765179523373628,0.3756663014410667,0.4150331265893741,0.4159296531672422,2.825265648047042e-13
2,RFW0_RFW1,Global34,0.4613498890779154,0.37250907995223226,0.4138840640277786,0.40233831680024834,1.7670303355320564e-09
3,RFW0_RFW1,Global50,0.41690614728276626,0.3397762212771662,0.38074720297505843,0.39668574158983533,1.9589167452009162e-07
4,RFW0_RFW4,Balanced34,0.5646633539957421,0.5145273342891891,0.5038797284586437,0.5460627753193907,3.1121259301230943e-06
5,RFW0_RFW4,Balanced50,0.546456938988235,0.4831149301246401,0.5223234338720298,0.5183971272984506,7.525009019666177e-05
6,RFW0_RFW4,Global34,0.5571172270168017,0.5111435787941294,0.5254419159988227,0.5494959814488168,0.003257358339338659
7,RFW0_RFW4,Global50,0.49197024424484986,0.4590400574469612,0.4749552728113834,0.4955030973801999,0.025234937599585037
